customer_id,customer_name,segment,city,signup_date
1,Customer_0001,SME,Mumbai,2020-02-21
2,Customer_0002,SME,Bangalore,2021-05-16
3,Customer_0003,Retail,Delhi,2020-07-28
4,Customer_0004,SME,Pune,2020-06-27
5,Customer_0005,SME,Hyderabad,2020-03-06
6,Customer_0006,Retail,Mumbai,2021-03-23
7,Customer_0007,Retail,Chennai,2020-02-24
8,Customer_0008,SME,Delhi,2022-05-09
9,Customer_0009,Retail,Hyderabad,2021-07-23
10,Customer_0010,Retail,Delhi,2022-05-15
11,Customer_0011,Corporate,Bangalore,2020-11-14
12,Customer_0012,Retail,Bangalore,2020-07-28
13,Customer_0013,Retail,Hyderabad,2020-07-17
14,Customer_0014,Corporate,Bangalore,2021-06-25
15,Customer_0015,Retail,Pune,2022-07-29
16,Customer_0016,SME,Mumbai,2022-02-14
17,Customer_0017,Retail,Chennai,2021-08-23
18,Customer_0018,SME,Chennai,2022-01-10
19,Customer_0019,SME,Delhi,2020-05-22
20,Customer_0020,Retail,Pune,2021-04-11
21,Customer_0021,Corporate,Mumbai,2021-04-21
22,Customer_0022,Retail,Hyderabad,2021-07-23
23,Customer_0023,Corporate,Pune,2022-01-17
24,Customer_0024,Retail,Bangalore,2021-12-28
25,Customer_0025,Retail,Pune,2021-06-30
26,Customer_0026,SME,Pune,2020-05-26
27,Customer_0027,SME,Pune,2020-12-16
28,Customer_0028,SME,Pune,2021-05-16
29,Customer_0029,Retail,Hyderabad,2022-02-16
30,Customer_0030,Corporate,Pune,2021-03-25
31,Customer_0031,SME,Bangalore,2020-04-24
32,Customer_0032,Retail,Mumbai,2021-10-08
33,Customer_0033,Corporate,Bangalore,2020-05-15
34,Customer_0034,Retail,Chennai,2021-10-06
35,Customer_0035,Retail,Pune,2022-10-19
36,Customer_0036,Corporate,Pune,2022-07-28
37,Customer_0037,Retail,Bangalore,2020-10-12
38,Customer_0038,Retail,Pune,2021-06-22
39,Customer_0039,SME,Chennai,2022-05-27
40,Customer_0040,SME,Hyderabad,2022-01-11
41,Customer_0041,Retail,Delhi,2022-11-09
42,Customer_0042,Corporate,Mumbai,2020-04-06
43,Customer_0043,Retail,Delhi,2020-11-23
44,Customer_0044,SME,Hyderabad,2020-05-10
45,Customer_0045,Corporate,Hyderabad,2022-08-16
46,Customer_0046,SME,Bangalore,2020-01-24
47,Customer_0047,SME,Pune,2020-08-22
48,Customer_0048,SME,Chennai,2021-06-30
49,Customer_0049,SME,Bangalore,2020-08-16
50,Customer_0050,Corporate,Hyderabad,2020-11-19
51,Customer_0051,Corporate,Mumbai,2021-06-23
52,Customer_0052,SME,Delhi,2022-11-05
53,Customer_0053,Retail,Pune,2021-09-03
54,Customer_0054,SME,Chennai,2021-02-11
55,Customer_0055,Retail,Bangalore,2020-11-26
56,Customer_0056,SME,Chennai,2020-01-02
57,Customer_0057,SME,Bangalore,2022-09-27
58,Customer_0058,Retail,Mumbai,2022-01-13
59,Customer_0059,Corporate,Delhi,2020-04-28
60,Customer_0060,Retail,Chennai,2020-06-10
61,Customer_0061,Retail,Pune,2022-09-22
62,Customer_0062,Retail,Chennai,2020-09-14
63,Customer_0063,Retail,Pune,2022-08-31
64,Customer_0064,SME,Delhi,2021-06-26
65,Customer_0065,SME,Chennai,2022-05-16
66,Customer_0066,Retail,Chennai,2021-02-15
67,Customer_0067,SME,Bangalore,2022-03-28
68,Customer_0068,SME,Pune,2022-02-03
69,Customer_0069,Corporate,Chennai,2022-07-13
70,Customer_0070,Retail,Delhi,2021-04-05
71,Customer_0071,Retail,Bangalore,2020-02-13
72,Customer_0072,SME,Chennai,2021-04-16
73,Customer_0073,SME,Delhi,2020-01-15
74,Customer_0074,Retail,Pune,2020-04-30
75,Customer_0075,Retail,Mumbai,2020-03-05
76,Customer_0076,Corporate,Mumbai,2022-11-18
77,Customer_0077,Retail,Bangalore,2022-09-21
78,Customer_0078,Retail,Chennai,2020-09-27
79,Customer_0079,SME,Chennai,2022-08-26
80,Customer_0080,Retail,Hyderabad,2022-04-13
81,Customer_0081,Retail,Mumbai,2020-07-17
82,Customer_0082,SME,Hyderabad,2021-12-26
83,Customer_0083,Corporate,Hyderabad,2022-08-14
84,Customer_0084,SME,Mumbai,2020-07-20
85,Customer_0085,Retail,Hyderabad,2021-11-25
86,Customer_0086,Retail,Delhi,2021-01-27
87,Customer_0087,Retail,Chennai,2022-07-07
88,Customer_0088,Retail,Hyderabad,2021-01-10
89,Customer_0089,Corporate,Hyderabad,2021-05-26
90,Customer_0090,Retail,Hyderabad,2020-07-19
91,Customer_0091,Retail,Pune,2020-01-31
92,Customer_0092,Retail,Delhi,2020-12-06
93,Customer_0093,Corporate,Hyderabad,2022-09-12
94,Customer_0094,Retail,Hyderabad,2020-04-30
95,Customer_0095,Retail,Hyderabad,2020-01-05
96,Customer_0096,Corporate,Bangalore,2022-07-20
97,Customer_0097,Corporate,Hyderabad,2022-09-23
98,Customer_0098,Retail,Delhi,2021-08-30
99,Customer_0099,Retail,Mumbai,2020-05-04
100,Customer_0100,SME,Bangalore,2020-04-27
101,Customer_0101,Retail,Chennai,2022-09-03
102,Customer_0102,SME,Chennai,2020-11-18
103,Customer_0103,Retail,Chennai,2020-06-13
104,Customer_0104,Retail,Mumbai,2020-05-19
105,Customer_0105,SME,Delhi,2022-04-06
106,Customer_0106,Retail,Chennai,2021-05-19
107,Customer_0107,SME,Chennai,2020-03-22
108,Customer_0108,SME,Mumbai,2022-05-08
109,Customer_0109,SME,Chennai,2022-12-06
110,Customer_0110,Corporate,Bangalore,2021-02-22
111,Customer_0111,SME,Pune,2021-10-05
112,Customer_0112,Retail,Bangalore,2022-03-21
113,Customer_0113,Retail,Pune,2021-09-06
114,Customer_0114,Corporate,Bangalore,2020-05-28
115,Customer_0115,Retail,Hyderabad,2020-07-23
116,Customer_0116,Retail,Chennai,2021-03-12
117,Customer_0117,SME,Bangalore,2020-09-28
118,Customer_0118,Corporate,Mumbai,2021-05-15
119,Customer_0119,Corporate,Bangalore,2020-11-19
120,Customer_0120,Corporate,Chennai,2021-09-11
121,Customer_0121,SME,Pune,2022-12-19
122,Customer_0122,Retail,Pune,2021-09-05
123,Customer_0123,SME,Mumbai,2020-10-02
124,Customer_0124,Corporate,Mumbai,2020-08-07
125,Customer_0125,SME,Chennai,2020-11-14
126,Customer_0126,Corporate,Bangalore,2021-03-07
127,Customer_0127,SME,Bangalore,2021-02-20
128,Customer_0128,SME,Pune,2021-06-24
129,Customer_0129,SME,Hyderabad,2021-05-29
130,Customer_0130,Retail,Mumbai,2022-05-17
131,Customer_0131,Corporate,Mumbai,2020-01-08
132,Customer_0132,Corporate,Delhi,2021-06-20
133,Customer_0133,Retail,Pune,2022-06-23
134,Customer_0134,SME,Pune,2022-05-25
135,Customer_0135,SME,Mumbai,2020-08-17
136,Customer_0136,Retail,Pune,2020-11-01
137,Customer_0137,SME,Mumbai,2022-01-26
138,Customer_0138,SME,Chennai,2020-10-30
139,Customer_0139,Corporate,Delhi,2020-03-26
140,Customer_0140,Corporate,Bangalore,2020-03-22
141,Customer_0141,Corporate,Delhi,2021-05-26
142,Customer_0142,SME,Mumbai,2021-12-25
143,Customer_0143,SME,Hyderabad,2020-11-12
144,Customer_0144,Retail,Delhi,2020-12-28
145,Customer_0145,Corporate,Mumbai,2021-01-02
146,Customer_0146,SME,Bangalore,2022-04-23
147,Customer_0147,SME,Pune,2021-05-23
148,Customer_0148,Corporate,Delhi,2020-08-09
149,Customer_0149,Corporate,Mumbai,2022-08-21
150,Customer_0150,Retail,Delhi,2022-07-31
151,Customer_0151,Corporate,Bangalore,2021-04-11
152,Customer_0152,Retail,Mumbai,2021-01-30
153,Customer_0153,Corporate,Bangalore,2021-07-24
154,Customer_0154,Retail,Bangalore,2021-12-20
155,Customer_0155,SME,Chennai,2022-03-29
156,Customer_0156,SME,Chennai,2021-11-09
157,Customer_0157,Retail,Mumbai,2021-06-18
158,Customer_0158,Retail,Chennai,2021-06-27
159,Customer_0159,Retail,Mumbai,2022-06-08
160,Customer_0160,Corporate,Pune,2021-10-04
161,Customer_0161,Corporate,Chennai,2022-11-13
162,Customer_0162,Retail,Hyderabad,2021-01-24
163,Customer_0163,Corporate,Mumbai,2022-06-12
164,Customer_0164,Retail,Chennai,2021-02-07
165,Customer_0165,Corporate,Hyderabad,2020-05-23
166,Customer_0166,SME,Bangalore,2021-10-04
167,Customer_0167,SME,Mumbai,2021-09-07
168,Customer_0168,SME,Bangalore,2022-04-16
169,Customer_0169,Corporate,Hyderabad,2021-08-28
170,Customer_0170,SME,Delhi,2021-01-27
171,Customer_0171,Corporate,Pune,2022-02-15
172,Customer_0172,SME,Pune,2020-12-22
173,Customer_0173,SME,Chennai,2021-09-08
174,Customer_0174,Corporate,Chennai,2020-01-01
175,Customer_0175,Corporate,Bangalore,2021-03-06
176,Customer_0176,Corporate,Chennai,2021-10-21
177,Customer_0177,Corporate,Hyderabad,2022-06-24
178,Customer_0178,SME,Delhi,2022-11-12
179,Customer_0179,Corporate,Pune,2020-12-13
180,Customer_0180,SME,Mumbai,2021-08-04
181,Customer_0181,SME,Pune,2021-11-17
182,Customer_0182,Retail,Delhi,2021-09-27
183,Customer_0183,Retail,Delhi,2020-10-28
184,Customer_0184,Retail,Mumbai,2021-05-16
185,Customer_0185,Corporate,Chennai,2020-05-29
186,Customer_0186,Corporate,Hyderabad,2021-02-02
187,Customer_0187,SME,Pune,2022-02-25
188,Customer_0188,Corporate,Hyderabad,2021-05-14
189,Customer_0189,Retail,Pune,2020-01-12
190,Customer_0190,Retail,Hyderabad,2021-03-24
191,Customer_0191,Retail,Pune,2022-11-26
192,Customer_0192,Corporate,Mumbai,2021-05-25
193,Customer_0193,Retail,Hyderabad,2020-09-30
194,Customer_0194,Corporate,Pune,2022-12-23
195,Customer_0195,SME,Chennai,2021-10-11
196,Customer_0196,Corporate,Chennai,2022-10-30
197,Customer_0197,Corporate,Chennai,2022-07-02
198,Customer_0198,Retail,Pune,2022-08-30
199,Customer_0199,Corporate,Bangalore,2021-05-21
200,Customer_0200,SME,Bangalore,2022-12-03
201,Customer_0201,Corporate,Pune,2021-05-04
202,Customer_0202,Corporate,Hyderabad,2020-06-07
203,Customer_0203,SME,Bangalore,2021-04-25
204,Customer_0204,Corporate,Bangalore,2021-10-16
205,Customer_0205,SME,Mumbai,2020-10-10
206,Customer_0206,Retail,Delhi,2022-02-23
207,Customer_0207,SME,Delhi,2021-03-14
208,Customer_0208,Retail,Hyderabad,2022-04-14
209,Customer_0209,Corporate,Chennai,2022-08-12
210,Customer_0210,Corporate,Mumbai,2021-02-27
211,Customer_0211,Corporate,Hyderabad,2020-02-10
212,Customer_0212,SME,Hyderabad,2022-09-03
213,Customer_0213,Retail,Bangalore,2021-09-03
214,Customer_0214,Corporate,Hyderabad,2021-03-27
215,Customer_0215,Corporate,Delhi,2021-07-12
216,Customer_0216,Corporate,Hyderabad,2020-02-29
217,Customer_0217,Corporate,Bangalore,2022-04-08
218,Customer_0218,SME,Delhi,2022-08-15
219,Customer_0219,Retail,Chennai,2022-12-29
220,Customer_0220,Retail,Hyderabad,2020-02-25
221,Customer_0221,Retail,Pune,2022-05-27
222,Customer_0222,Retail,Hyderabad,2021-01-07
223,Customer_0223,Retail,Bangalore,2022-02-15
224,Customer_0224,Corporate,Delhi,2022-07-20
225,Customer_0225,Corporate,Bangalore,2022-02-15
226,Customer_0226,Corporate,Hyderabad,2021-05-31
227,Customer_0227,Retail,Hyderabad,2020-02-09
228,Customer_0228,SME,Chennai,2020-04-16
229,Customer_0229,Corporate,Delhi,2020-05-20
230,Customer_0230,SME,Mumbai,2020-03-04
231,Customer_0231,Retail,Delhi,2020-02-11
232,Customer_0232,SME,Delhi,2021-05-03
233,Customer_0233,Retail,Hyderabad,2020-08-22
234,Customer_0234,SME,Delhi,2022-08-10
235,Customer_0235,SME,Bangalore,2022-01-25
236,Customer_0236,Retail,Chennai,2020-08-22
237,Customer_0237,Retail,Bangalore,2020-08-09
238,Customer_0238,SME,Mumbai,2021-09-30
239,Customer_0239,SME,Pune,2022-02-07
240,Customer_0240,Corporate,Pune,2021-02-10
241,Customer_0241,Retail,Chennai,2021-05-12
242,Customer_0242,Retail,Pune,2021-09-09
243,Customer_0243,SME,Chennai,2020-09-04
244,Customer_0244,SME,Mumbai,2021-12-12
245,Customer_0245,SME,Hyderabad,2022-01-28
246,Customer_0246,Retail,Chennai,2021-11-29
247,Customer_0247,Retail,Hyderabad,2022-09-30
248,Customer_0248,Retail,Hyderabad,2022-01-11
249,Customer_0249,SME,Hyderabad,2020-11-09
250,Customer_0250,Corporate,Delhi,2022-12-04
251,Customer_0251,SME,Bangalore,2022-09-17
252,Customer_0252,Corporate,Hyderabad,2021-07-03
253,Customer_0253,Corporate,Delhi,2020-06-26
254,Customer_0254,Corporate,Hyderabad,2021-05-14
255,Customer_0255,Corporate,Chennai,2022-02-15
256,Customer_0256,Corporate,Mumbai,2022-10-09
257,Customer_0257,Corporate,Delhi,2022-09-25
258,Customer_0258,Retail,Bangalore,2021-06-13
259,Customer_0259,Corporate,Bangalore,2021-07-19
260,Customer_0260,SME,Mumbai,2022-11-24
261,Customer_0261,Retail,Mumbai,2021-05-09
262,Customer_0262,SME,Hyderabad,2022-09-27
263,Customer_0263,SME,Delhi,2022-09-02
264,Customer_0264,SME,Pune,2022-10-02
265,Customer_0265,Corporate,Mumbai,2020-07-09
266,Customer_0266,Corporate,Delhi,2022-04-08
267,Customer_0267,SME,Delhi,2021-09-19
268,Customer_0268,SME,Chennai,2022-01-25
269,Customer_0269,Corporate,Chennai,2022-12-23
270,Customer_0270,Corporate,Hyderabad,2021-11-08
271,Customer_0271,Corporate,Pune,2022-07-18
272,Customer_0272,Corporate,Bangalore,2021-05-29
273,Customer_0273,Retail,Mumbai,2021-01-29
274,Customer_0274,Corporate,Mumbai,2021-01-14
275,Customer_0275,Retail,Delhi,2022-09-18
276,Customer_0276,Corporate,Pune,2022-12-10
277,Customer_0277,SME,Bangalore,2020-07-24
278,Customer_0278,Retail,Bangalore,2021-04-10
279,Customer_0279,Corporate,Delhi,2021-09-11
280,Customer_0280,Retail,Pune,2022-12-29
281,Customer_0281,Retail,Bangalore,2020-04-03
282,Customer_0282,Retail,Chennai,2021-08-21
283,Customer_0283,SME,Delhi,2022-10-02
284,Customer_0284,Retail,Mumbai,2021-08-05
285,Customer_0285,Corporate,Hyderabad,2022-06-21
286,Customer_0286,Corporate,Delhi,2020-04-15
287,Customer_0287,Corporate,Hyderabad,2020-08-21
288,Customer_0288,Retail,Hyderabad,2022-10-04
289,Customer_0289,Retail,Chennai,2020-04-19
290,Customer_0290,Retail,Delhi,2021-09-14
291,Customer_0291,Retail,Delhi,2020-08-30
292,Customer_0292,SME,Hyderabad,2021-04-07
293,Customer_0293,SME,Hyderabad,2022-07-11
294,Customer_0294,Corporate,Bangalore,2022-05-28
295,Customer_0295,Corporate,Chennai,2020-05-03
296,Customer_0296,SME,Pune,2020-07-22
297,Customer_0297,Retail,Pune,2021-03-08
298,Customer_0298,Corporate,Pune,2020-06-15
299,Customer_0299,Retail,Delhi,2020-12-21
300,Customer_0300,SME,Mumbai,2020-11-16
301,Customer_0301,Retail,Hyderabad,2022-07-11
302,Customer_0302,SME,Chennai,2022-08-20
303,Customer_0303,Corporate,Mumbai,2021-04-19
304,Customer_0304,Corporate,Pune,2021-08-02
305,Customer_0305,SME,Hyderabad,2020-05-25
306,Customer_0306,SME,Delhi,2021-06-25
307,Customer_0307,SME,Chennai,2021-02-09
308,Customer_0308,Corporate,Mumbai,2021-04-05
309,Customer_0309,SME,Delhi,2021-06-28
310,Customer_0310,Retail,Mumbai,2020-05-02
311,Customer_0311,Retail,Bangalore,2021-08-14
312,Customer_0312,Corporate,Mumbai,2022-08-17
313,Customer_0313,SME,Bangalore,2022-04-04
314,Customer_0314,Corporate,Chennai,2022-10-08
315,Customer_0315,Corporate,Mumbai,2020-03-22
316,Customer_0316,Corporate,Pune,2021-10-22
317,Customer_0317,SME,Bangalore,2020-02-22
318,Customer_0318,Retail,Delhi,2020-02-12
319,Customer_0319,SME,Bangalore,2020-03-23
320,Customer_0320,Retail,Hyderabad,2022-11-28
321,Customer_0321,SME,Hyderabad,2021-07-23
322,Customer_0322,Retail,Chennai,2022-06-11
323,Customer_0323,SME,Hyderabad,2020-07-05
324,Customer_0324,Corporate,Bangalore,2022-04-16
325,Customer_0325,Corporate,Bangalore,2020-08-02
326,Customer_0326,Retail,Bangalore,2022-04-23
327,Customer_0327,SME,Hyderabad,2021-08-13
328,Customer_0328,SME,Hyderabad,2020-03-16
329,Customer_0329,Corporate,Mumbai,2021-10-06
330,Customer_0330,Corporate,Bangalore,2020-08-25
331,Customer_0331,Corporate,Chennai,2020-01-03
332,Customer_0332,SME,Chennai,2022-08-04
333,Customer_0333,Corporate,Mumbai,2021-01-19
334,Customer_0334,SME,Bangalore,2022-10-17
335,Customer_0335,SME,Hyderabad,2020-04-15
336,Customer_0336,Retail,Bangalore,2020-09-25
337,Customer_0337,Corporate,Hyderabad,2022-09-19
338,Customer_0338,Retail,Mumbai,2021-05-05
339,Customer_0339,SME,Delhi,2021-09-28
340,Customer_0340,SME,Mumbai,2022-04-15
341,Customer_0341,Retail,Delhi,2020-08-20
342,Customer_0342,Corporate,Mumbai,2020-11-11
343,Customer_0343,Corporate,Pune,2021-08-20
344,Customer_0344,SME,Pune,2021-07-13
345,Customer_0345,Corporate,Hyderabad,2022-08-25
346,Customer_0346,Retail,Hyderabad,2020-10-23
347,Customer_0347,Corporate,Delhi,2022-11-06
348,Customer_0348,SME,Delhi,2020-05-22
349,Customer_0349,Corporate,Hyderabad,2021-11-27
350,Customer_0350,SME,Bangalore,2020-01-06
351,Customer_0351,Corporate,Pune,2021-09-03
352,Customer_0352,SME,Chennai,2022-09-29
353,Customer_0353,Retail,Hyderabad,2022-09-18
354,Customer_0354,Corporate,Bangalore,2022-02-11
355,Customer_0355,Corporate,Bangalore,2021-01-21
356,Customer_0356,SME,Delhi,2022-02-23
357,Customer_0357,Retail,Hyderabad,2020-03-30
358,Customer_0358,Corporate,Pune,2022-08-26
359,Customer_0359,SME,Hyderabad,2022-03-01
360,Customer_0360,SME,Pune,2020-11-07
361,Customer_0361,Corporate,Mumbai,2020-09-15
362,Customer_0362,SME,Chennai,2021-11-10
363,Customer_0363,Retail,Hyderabad,2020-07-23
364,Customer_0364,SME,Hyderabad,2020-02-01
365,Customer_0365,SME,Delhi,2022-04-19
366,Customer_0366,SME,Delhi,2020-06-02
367,Customer_0367,Corporate,Bangalore,2021-11-24
368,Customer_0368,SME,Pune,2022-03-25
369,Customer_0369,SME,Mumbai,2021-11-03
370,Customer_0370,SME,Chennai,2022-02-17
371,Customer_0371,Corporate,Pune,2022-09-26
372,Customer_0372,SME,Mumbai,2020-05-20
373,Customer_0373,Retail,Pune,2021-08-11
374,Customer_0374,Retail,Pune,2020-07-04
375,Customer_0375,Corporate,Mumbai,2020-07-24
376,Customer_0376,Corporate,Delhi,2021-09-05
377,Customer_0377,Retail,Mumbai,2021-10-26
378,Customer_0378,Retail,Bangalore,2022-01-04
379,Customer_0379,Corporate,Hyderabad,2020-10-25
380,Customer_0380,Retail,Chennai,2022-04-23
381,Customer_0381,SME,Pune,2021-01-03
382,Customer_0382,Retail,Delhi,2020-06-10
383,Customer_0383,SME,Hyderabad,2021-05-08
384,Customer_0384,Corporate,Chennai,2020-10-20
385,Customer_0385,Retail,Hyderabad,2021-06-04
386,Customer_0386,Corporate,Bangalore,2020-01-20
387,Customer_0387,Corporate,Bangalore,2020-11-19
388,Customer_0388,Retail,Hyderabad,2021-12-08
389,Customer_0389,SME,Bangalore,2022-05-18
390,Customer_0390,SME,Bangalore,2022-07-24
391,Customer_0391,Corporate,Delhi,2022-02-26
392,Customer_0392,Corporate,Mumbai,2021-04-30
393,Customer_0393,Corporate,Chennai,2022-01-05
394,Customer_0394,SME,Bangalore,2021-08-27
395,Customer_0395,Retail,Pune,2022-03-21
396,Customer_0396,Corporate,Mumbai,2020-04-10
397,Customer_0397,SME,Pune,2022-10-14
398,Customer_0398,Corporate,Delhi,2021-12-22
399,Customer_0399,Retail,Pune,2021-01-24
400,Customer_0400,SME,Bangalore,2020-10-07
401,Customer_0401,SME,Mumbai,2020-03-21
402,Customer_0402,Corporate,Hyderabad,2020-03-09
403,Customer_0403,SME,Bangalore,2020-09-26
404,Customer_0404,Retail,Bangalore,2021-10-31
405,Customer_0405,SME,Hyderabad,2020-12-25
406,Customer_0406,Retail,Delhi,2022-01-19
407,Customer_0407,SME,Chennai,2021-07-12
408,Customer_0408,Retail,Bangalore,2022-09-13
409,Customer_0409,Corporate,Pune,2021-11-24
410,Customer_0410,Retail,Hyderabad,2020-06-03
411,Customer_0411,Retail,Delhi,2022-03-24
412,Customer_0412,SME,Bangalore,2020-07-03
413,Customer_0413,Corporate,Mumbai,2021-06-25
414,Customer_0414,SME,Mumbai,2022-07-20
415,Customer_0415,Corporate,Pune,2021-06-20
416,Customer_0416,SME,Hyderabad,2022-01-30
417,Customer_0417,Retail,Pune,2021-04-23
418,Customer_0418,Corporate,Mumbai,2021-11-02
419,Customer_0419,SME,Delhi,2020-05-09
420,Customer_0420,SME,Hyderabad,2021-09-10
421,Customer_0421,SME,Hyderabad,2020-08-26
422,Customer_0422,Retail,Mumbai,2020-03-17
423,Customer_0423,Corporate,Hyderabad,2020-08-25
424,Customer_0424,Retail,Delhi,2020-10-04
425,Customer_0425,Corporate,Hyderabad,2022-01-29
426,Customer_0426,SME,Pune,2022-05-08
427,Customer_0427,SME,Pune,2020-11-12
428,Customer_0428,Corporate,Pune,2020-07-21
429,Customer_0429,Corporate,Chennai,2022-04-15
430,Customer_0430,Corporate,Mumbai,2022-01-28
431,Customer_0431,Retail,Hyderabad,2022-06-29
432,Customer_0432,Retail,Bangalore,2020-07-22
433,Customer_0433,SME,Bangalore,2022-01-04
434,Customer_0434,Retail,Hyderabad,2021-07-19
435,Customer_0435,Retail,Mumbai,2022-07-20
436,Customer_0436,Retail,Pune,2021-03-10
437,Customer_0437,SME,Pune,2020-02-13
438,Customer_0438,Retail,Bangalore,2021-05-13
439,Customer_0439,Retail,Chennai,2021-02-24
440,Customer_0440,Retail,Chennai,2021-02-28
441,Customer_0441,SME,Delhi,2021-04-22
442,Customer_0442,Corporate,Delhi,2020-01-06
443,Customer_0443,Corporate,Delhi,2020-09-23
444,Customer_0444,SME,Bangalore,2020-12-23
445,Customer_0445,Retail,Pune,2020-02-22
446,Customer_0446,Retail,Mumbai,2022-01-03
447,Customer_0447,Retail,Chennai,2021-10-25
448,Customer_0448,Retail,Delhi,2021-06-27
449,Customer_0449,Retail,Delhi,2022-05-12
450,Customer_0450,SME,Mumbai,2020-05-10
451,Customer_0451,Corporate,Hyderabad,2022-01-11
452,Customer_0452,SME,Chennai,2020-08-11
453,Customer_0453,Corporate,Chennai,2021-03-29
454,Customer_0454,SME,Mumbai,2022-12-03
455,Customer_0455,Corporate,Hyderabad,2020-03-04
456,Customer_0456,Retail,Hyderabad,2022-04-02
457,Customer_0457,Corporate,Pune,2020-08-09
458,Customer_0458,Corporate,Pune,2022-06-27
459,Customer_0459,Retail,Mumbai,2021-10-21
460,Customer_0460,SME,Delhi,2020-05-14
461,Customer_0461,Retail,Bangalore,2021-10-27
462,Customer_0462,Corporate,Chennai,2022-12-22
463,Customer_0463,Corporate,Hyderabad,2022-11-01
464,Customer_0464,SME,Hyderabad,2020-07-22
465,Customer_0465,SME,Mumbai,2021-03-16
466,Customer_0466,Corporate,Hyderabad,2021-04-12
467,Customer_0467,Corporate,Bangalore,2022-07-17
468,Customer_0468,Corporate,Hyderabad,2020-07-13
469,Customer_0469,Corporate,Hyderabad,2021-10-02
470,Customer_0470,SME,Bangalore,2022-02-05
471,Customer_0471,Retail,Pune,2022-08-29
472,Customer_0472,Retail,Mumbai,2020-06-23
473,Customer_0473,Retail,Hyderabad,2020-07-16
474,Customer_0474,SME,Pune,2022-02-02
475,Customer_0475,Retail,Chennai,2020-05-02
476,Customer_0476,SME,Chennai,2021-11-06
477,Customer_0477,SME,Mumbai,2022-04-21
478,Customer_0478,Corporate,Pune,2022-05-16
479,Customer_0479,SME,Mumbai,2021-08-12
480,Customer_0480,SME,Bangalore,2021-12-21
481,Customer_0481,Retail,Chennai,2022-11-05
482,Customer_0482,Retail,Delhi,2022-09-14
483,Customer_0483,Retail,Mumbai,2021-12-18
484,Customer_0484,SME,Bangalore,2020-08-23
485,Customer_0485,Corporate,Chennai,2021-04-08
486,Customer_0486,Corporate,Chennai,2020-02-23
487,Customer_0487,SME,Pune,2021-07-01
488,Customer_0488,Retail,Delhi,2021-07-13
489,Customer_0489,SME,Bangalore,2021-11-26
490,Customer_0490,Corporate,Mumbai,2021-01-06
491,Customer_0491,Retail,Chennai,2022-03-31
492,Customer_0492,Retail,Delhi,2020-03-03
493,Customer_0493,Retail,Pune,2022-12-22
494,Customer_0494,Retail,Hyderabad,2022-05-09
495,Customer_0495,Corporate,Bangalore,2020-11-18
496,Customer_0496,Corporate,Bangalore,2021-10-26
497,Customer_0497,SME,Chennai,2020-06-22
498,Customer_0498,Retail,Delhi,2020-11-18
499,Customer_0499,SME,Mumbai,2020-06-16
500,Customer_0500,Corporate,Hyderabad,2022-05-18
501,Customer_0501,Corporate,Chennai,2022-06-24
502,Customer_0502,Corporate,Bangalore,2021-03-17
503,Customer_0503,SME,Mumbai,2021-12-07
504,Customer_0504,Corporate,Mumbai,2021-08-03
505,Customer_0505,SME,Pune,2022-09-23
506,Customer_0506,SME,Pune,2021-09-23
507,Customer_0507,Retail,Delhi,2022-03-20
508,Customer_0508,SME,Mumbai,2020-01-16
509,Customer_0509,Retail,Bangalore,2021-03-08
510,Customer_0510,Retail,Bangalore,2021-08-15
511,Customer_0511,Corporate,Mumbai,2020-01-16
512,Customer_0512,Corporate,Pune,2022-05-31
513,Customer_0513,Retail,Delhi,2022-02-17
514,Customer_0514,SME,Pune,2021-04-16
515,Customer_0515,SME,Chennai,2021-12-26
516,Customer_0516,Retail,Hyderabad,2020-03-27
517,Customer_0517,Corporate,Mumbai,2022-07-30
518,Customer_0518,Retail,Bangalore,2022-05-29
519,Customer_0519,SME,Hyderabad,2022-05-05
520,Customer_0520,Corporate,Mumbai,2022-04-09
521,Customer_0521,Retail,Bangalore,2020-12-17
522,Customer_0522,SME,Hyderabad,2022-01-11
523,Customer_0523,Retail,Hyderabad,2020-08-04
524,Customer_0524,Retail,Hyderabad,2022-03-31
525,Customer_0525,SME,Mumbai,2022-03-21
526,Customer_0526,Corporate,Pune,2021-11-26
527,Customer_0527,Retail,Bangalore,2020-12-10
528,Customer_0528,Retail,Chennai,2020-08-21
529,Customer_0529,SME,Chennai,2021-02-01
530,Customer_0530,Corporate,Bangalore,2020-10-29
531,Customer_0531,Retail,Mumbai,2020-10-26
532,Customer_0532,Corporate,Delhi,2020-12-21
533,Customer_0533,SME,Delhi,2020-06-03
534,Customer_0534,Retail,Pune,2022-10-08
535,Customer_0535,Corporate,Chennai,2022-07-08
536,Customer_0536,SME,Chennai,2021-10-23
537,Customer_0537,SME,Bangalore,2020-11-05
538,Customer_0538,Corporate,Mumbai,2022-08-18
539,Customer_0539,Corporate,Pune,2021-09-12
540,Customer_0540,Corporate,Chennai,2020-04-25
541,Customer_0541,Corporate,Chennai,2020-05-31
542,Customer_0542,Corporate,Hyderabad,2022-07-14
543,Customer_0543,Retail,Mumbai,2022-01-25
544,Customer_0544,Corporate,Mumbai,2020-07-03
545,Customer_0545,SME,Chennai,2022-11-04
546,Customer_0546,Corporate,Hyderabad,2020-03-25
547,Customer_0547,Corporate,Chennai,2021-01-20
548,Customer_0548,Corporate,Chennai,2022-09-01
549,Customer_0549,SME,Delhi,2020-05-06
550,Customer_0550,Corporate,Mumbai,2021-12-04
551,Customer_0551,SME,Mumbai,2022-10-30
552,Customer_0552,SME,Delhi,2020-03-21
553,Customer_0553,Retail,Pune,2022-06-15
554,Customer_0554,Corporate,Chennai,2022-12-06
555,Customer_0555,SME,Delhi,2022-01-15
556,Customer_0556,Corporate,Bangalore,2022-03-04
557,Customer_0557,Corporate,Bangalore,2020-04-17
558,Customer_0558,SME,Pune,2021-11-16
559,Customer_0559,Retail,Bangalore,2020-07-12
560,Customer_0560,SME,Pune,2022-03-02
561,Customer_0561,Corporate,Bangalore,2020-11-03
562,Customer_0562,Corporate,Mumbai,2020-10-16
563,Customer_0563,Corporate,Bangalore,2022-03-13
564,Customer_0564,Retail,Chennai,2020-06-22
565,Customer_0565,Corporate,Chennai,2022-02-10
566,Customer_0566,SME,Bangalore,2020-09-18
567,Customer_0567,SME,Pune,2022-12-14
568,Customer_0568,Retail,Pune,2022-05-17
569,Customer_0569,SME,Bangalore,2020-02-07
570,Customer_0570,Corporate,Bangalore,2021-01-04
571,Customer_0571,Retail,Bangalore,2022-09-22
572,Customer_0572,Retail,Delhi,2020-10-08
573,Customer_0573,Retail,Mumbai,2021-08-28
574,Customer_0574,Retail,Chennai,2022-12-14
575,Customer_0575,Retail,Pune,2021-11-20
576,Customer_0576,SME,Delhi,2022-02-10
577,Customer_0577,Retail,Delhi,2021-01-05
578,Customer_0578,SME,Chennai,2020-12-05
579,Customer_0579,SME,Hyderabad,2020-03-30
580,Customer_0580,Corporate,Bangalore,2021-05-01
581,Customer_0581,Corporate,Chennai,2021-08-06
582,Customer_0582,SME,Hyderabad,2021-04-24
583,Customer_0583,SME,Delhi,2021-09-25
584,Customer_0584,Corporate,Delhi,2022-01-23
585,Customer_0585,SME,Chennai,2022-06-21
586,Customer_0586,Corporate,Bangalore,2022-02-21
587,Customer_0587,SME,Chennai,2022-05-07
588,Customer_0588,Retail,Delhi,2020-10-10
589,Customer_0589,Corporate,Mumbai,2022-09-11
590,Customer_0590,Corporate,Chennai,2020-07-29
591,Customer_0591,SME,Chennai,2020-09-12
592,Customer_0592,Corporate,Mumbai,2020-11-24
593,Customer_0593,Corporate,Hyderabad,2022-11-17
594,Customer_0594,Retail,Hyderabad,2020-07-06
595,Customer_0595,Retail,Hyderabad,2021-12-16
596,Customer_0596,Retail,Hyderabad,2020-04-19
597,Customer_0597,Corporate,Chennai,2022-02-04
598,Customer_0598,Retail,Hyderabad,2020-06-16
599,Customer_0599,Corporate,Delhi,2020-02-27
600,Customer_0600,Corporate,Mumbai,2021-11-17
601,Customer_0601,Retail,Delhi,2020-03-19
602,Customer_0602,Corporate,Hyderabad,2020-10-11
603,Customer_0603,SME,Hyderabad,2022-07-07
604,Customer_0604,SME,Mumbai,2020-06-11
605,Customer_0605,Retail,Bangalore,2021-03-17
606,Customer_0606,Retail,Chennai,2022-12-16
607,Customer_0607,Corporate,Mumbai,2021-08-13
608,Customer_0608,Retail,Bangalore,2020-09-06
609,Customer_0609,Retail,Delhi,2022-05-09
610,Customer_0610,SME,Chennai,2022-07-25
611,Customer_0611,Retail,Mumbai,2022-10-20
612,Customer_0612,SME,Chennai,2020-02-03
613,Customer_0613,SME,Chennai,2021-05-10
614,Customer_0614,SME,Delhi,2021-08-19
615,Customer_0615,Corporate,Mumbai,2021-12-23
616,Customer_0616,Retail,Chennai,2022-05-03
617,Customer_0617,Retail,Pune,2020-06-24
618,Customer_0618,SME,Bangalore,2020-05-18
619,Customer_0619,SME,Chennai,2022-11-05
620,Customer_0620,SME,Chennai,2020-02-11
621,Customer_0621,Corporate,Hyderabad,2020-03-30
622,Customer_0622,SME,Hyderabad,2022-02-03
623,Customer_0623,Corporate,Pune,2020-02-03
624,Customer_0624,Corporate,Mumbai,2021-12-07
625,Customer_0625,Retail,Pune,2020-07-31
626,Customer_0626,SME,Pune,2021-11-11
627,Customer_0627,Retail,Mumbai,2021-12-22
628,Customer_0628,SME,Bangalore,2020-12-24
629,Customer_0629,SME,Hyderabad,2022-09-07
630,Customer_0630,SME,Delhi,2020-10-03
631,Customer_0631,Retail,Pune,2022-07-26
632,Customer_0632,Retail,Bangalore,2021-02-16
633,Customer_0633,Retail,Delhi,2020-03-26
634,Customer_0634,Corporate,Bangalore,2022-11-21
635,Customer_0635,Corporate,Chennai,2022-08-27
636,Customer_0636,Corporate,Mumbai,2021-01-26
637,Customer_0637,Corporate,Bangalore,2020-04-07
638,Customer_0638,SME,Bangalore,2021-07-13
639,Customer_0639,Retail,Bangalore,2022-06-13
640,Customer_0640,Corporate,Pune,2022-06-19
641,Customer_0641,Corporate,Bangalore,2021-01-17
642,Customer_0642,Corporate,Pune,2022-10-15
643,Customer_0643,Corporate,Chennai,2021-06-30
644,Customer_0644,Retail,Pune,2022-05-19
645,Customer_0645,Retail,Hyderabad,2021-01-04
646,Customer_0646,SME,Bangalore,2021-10-19
647,Customer_0647,Retail,Mumbai,2021-11-02
648,Customer_0648,SME,Bangalore,2021-09-19
649,Customer_0649,Corporate,Chennai,2022-05-22
650,Customer_0650,Retail,Pune,2022-06-28
651,Customer_0651,Corporate,Hyderabad,2020-03-27
652,Customer_0652,SME,Bangalore,2022-06-09
653,Customer_0653,Corporate,Pune,2020-04-27
654,Customer_0654,Retail,Pune,2022-04-11
655,Customer_0655,Corporate,Chennai,2020-11-23
656,Customer_0656,Retail,Delhi,2022-06-16
657,Customer_0657,Retail,Delhi,2020-05-17
658,Customer_0658,Retail,Pune,2022-01-20
659,Customer_0659,Corporate,Hyderabad,2020-03-07
660,Customer_0660,SME,Delhi,2022-07-10
661,Customer_0661,Corporate,Bangalore,2022-06-28
662,Customer_0662,Retail,Chennai,2020-10-08
663,Customer_0663,SME,Bangalore,2022-03-26
664,Customer_0664,Corporate,Pune,2021-07-24
665,Customer_0665,Retail,Mumbai,2020-02-23
666,Customer_0666,SME,Delhi,2022-10-19
667,Customer_0667,SME,Hyderabad,2020-08-29
668,Customer_0668,Corporate,Bangalore,2022-07-02
669,Customer_0669,Retail,Chennai,2021-08-07
670,Customer_0670,SME,Hyderabad,2021-02-13
671,Customer_0671,Retail,Delhi,2020-05-31
672,Customer_0672,Corporate,Delhi,2022-06-30
673,Customer_0673,Retail,Pune,2021-10-16
674,Customer_0674,SME,Bangalore,2020-05-12
675,Customer_0675,SME,Chennai,2021-08-17
676,Customer_0676,Corporate,Delhi,2020-12-22
677,Customer_0677,Corporate,Chennai,2021-04-04
678,Customer_0678,Retail,Delhi,2020-10-11
679,Customer_0679,Retail,Hyderabad,2020-02-23
680,Customer_0680,Corporate,Chennai,2022-01-25
681,Customer_0681,Corporate,Chennai,2020-09-22
682,Customer_0682,SME,Mumbai,2020-05-14
683,Customer_0683,Corporate,Hyderabad,2022-09-07
684,Customer_0684,SME,Hyderabad,2022-04-18
685,Customer_0685,SME,Mumbai,2020-09-13
686,Customer_0686,Corporate,Pune,2020-05-31
687,Customer_0687,Corporate,Hyderabad,2022-11-25
688,Customer_0688,Corporate,Delhi,2021-01-07
689,Customer_0689,Retail,Hyderabad,2022-10-26
690,Customer_0690,Retail,Mumbai,2022-11-27
691,Customer_0691,Retail,Bangalore,2020-12-03
692,Customer_0692,Retail,Bangalore,2021-04-06
693,Customer_0693,Corporate,Chennai,2021-08-04
694,Customer_0694,Retail,Bangalore,2021-02-06
695,Customer_0695,SME,Chennai,2021-07-16
696,Customer_0696,Retail,Pune,2021-09-12
697,Customer_0697,SME,Chennai,2020-07-10
698,Customer_0698,SME,Pune,2020-12-11
699,Customer_0699,SME,Chennai,2020-11-11
700,Customer_0700,Retail,Pune,2021-11-22
701,Customer_0701,SME,Mumbai,2020-02-28
702,Customer_0702,Retail,Mumbai,2021-06-26
703,Customer_0703,SME,Delhi,2022-05-03
704,Customer_0704,SME,Pune,2020-03-03
705,Customer_0705,Corporate,Pune,2021-08-16
706,Customer_0706,SME,Bangalore,2022-09-16
707,Customer_0707,Retail,Pune,2022-04-11
708,Customer_0708,Corporate,Hyderabad,2020-05-29
709,Customer_0709,SME,Mumbai,2020-11-19
710,Customer_0710,Corporate,Hyderabad,2022-09-18
711,Customer_0711,Corporate,Delhi,2021-11-27
712,Customer_0712,SME,Delhi,2021-10-02
713,Customer_0713,SME,Bangalore,2021-12-08
714,Customer_0714,Corporate,Delhi,2022-01-28
715,Customer_0715,SME,Chennai,2020-08-05
716,Customer_0716,Corporate,Delhi,2022-08-13
717,Customer_0717,Retail,Bangalore,2022-07-09
718,Customer_0718,Retail,Delhi,2020-07-17
719,Customer_0719,Retail,Bangalore,2022-02-25
720,Customer_0720,SME,Hyderabad,2021-05-23
721,Customer_0721,Retail,Bangalore,2021-10-02
722,Customer_0722,Retail,Delhi,2022-10-17
723,Customer_0723,SME,Hyderabad,2022-10-18
724,Customer_0724,Corporate,Hyderabad,2020-02-17
725,Customer_0725,Retail,Hyderabad,2022-11-01
726,Customer_0726,Corporate,Delhi,2021-03-16
727,Customer_0727,SME,Bangalore,2020-04-09
728,Customer_0728,Retail,Bangalore,2022-10-10
729,Customer_0729,SME,Pune,2022-08-21
730,Customer_0730,Corporate,Chennai,2020-01-17
731,Customer_0731,Retail,Hyderabad,2020-10-01
732,Customer_0732,Corporate,Pune,2022-01-19
733,Customer_0733,Corporate,Bangalore,2020-04-02
734,Customer_0734,Corporate,Mumbai,2021-02-02
735,Customer_0735,Corporate,Chennai,2021-08-14
736,Customer_0736,Retail,Hyderabad,2022-10-29
737,Customer_0737,Corporate,Chennai,2021-07-26
738,Customer_0738,SME,Pune,2020-08-31
739,Customer_0739,Retail,Mumbai,2022-03-17
740,Customer_0740,Corporate,Bangalore,2022-01-18
741,Customer_0741,Retail,Delhi,2022-11-08
742,Customer_0742,Corporate,Chennai,2020-03-23
743,Customer_0743,Retail,Mumbai,2020-10-07
744,Customer_0744,SME,Bangalore,2022-08-28
745,Customer_0745,SME,Hyderabad,2020-11-01
746,Customer_0746,SME,Chennai,2020-10-13
747,Customer_0747,Corporate,Chennai,2021-10-14
748,Customer_0748,Retail,Hyderabad,2021-09-04
749,Customer_0749,SME,Bangalore,2022-11-04
750,Customer_0750,SME,Chennai,2022-09-30
751,Customer_0751,SME,Chennai,2021-09-05
752,Customer_0752,Corporate,Mumbai,2022-01-24
753,Customer_0753,Corporate,Pune,2020-08-12
754,Customer_0754,Corporate,Chennai,2021-09-22
755,Customer_0755,SME,Pune,2020-02-24
756,Customer_0756,SME,Hyderabad,2021-06-27
757,Customer_0757,SME,Chennai,2021-04-11
758,Customer_0758,SME,Mumbai,2022-09-10
759,Customer_0759,Retail,Chennai,2022-02-17
760,Customer_0760,Retail,Pune,2021-05-11
761,Customer_0761,Retail,Chennai,2020-08-13
762,Customer_0762,Retail,Mumbai,2022-06-22
763,Customer_0763,Corporate,Hyderabad,2020-11-06
764,Customer_0764,Corporate,Pune,2021-02-21
765,Customer_0765,Corporate,Chennai,2022-08-23
766,Customer_0766,SME,Pune,2020-05-07
767,Customer_0767,SME,Delhi,2022-11-28
768,Customer_0768,Retail,Chennai,2021-10-27
769,Customer_0769,SME,Hyderabad,2022-12-12
770,Customer_0770,Corporate,Bangalore,2020-12-20
771,Customer_0771,Corporate,Chennai,2021-12-02
772,Customer_0772,SME,Bangalore,2021-06-25
773,Customer_0773,SME,Hyderabad,2021-01-28
774,Customer_0774,Retail,Bangalore,2021-09-03
775,Customer_0775,Retail,Bangalore,2021-08-14
776,Customer_0776,SME,Delhi,2022-09-28
777,Customer_0777,Corporate,Hyderabad,2021-12-15
778,Customer_0778,SME,Pune,2021-07-14
779,Customer_0779,Corporate,Mumbai,2022-02-16
780,Customer_0780,Corporate,Bangalore,2020-10-26
781,Customer_0781,Corporate,Mumbai,2021-08-12
782,Customer_0782,SME,Mumbai,2021-12-10
783,Customer_0783,Corporate,Pune,2021-06-09
784,Customer_0784,SME,Hyderabad,2021-03-14
785,Customer_0785,Retail,Chennai,2021-07-09
786,Customer_0786,SME,Pune,2021-07-10
787,Customer_0787,Retail,Mumbai,2021-05-05
788,Customer_0788,Retail,Mumbai,2022-12-23
789,Customer_0789,Retail,Pune,2021-04-21
790,Customer_0790,Retail,Mumbai,2022-04-26
791,Customer_0791,Corporate,Pune,2022-08-25
792,Customer_0792,Retail,Pune,2020-10-08
793,Customer_0793,Retail,Chennai,2020-11-19
794,Customer_0794,Corporate,Pune,2022-09-01
795,Customer_0795,Corporate,Pune,2021-02-12
796,Customer_0796,Corporate,Bangalore,2021-08-07
797,Customer_0797,SME,Mumbai,2020-07-02
798,Customer_0798,SME,Chennai,2021-04-20
799,Customer_0799,SME,Pune,2020-03-17
800,Customer_0800,Retail,Hyderabad,2020-12-26
801,Customer_0801,Retail,Hyderabad,2022-10-11
802,Customer_0802,Retail,Pune,2021-08-15
803,Customer_0803,Retail,Mumbai,2021-09-03
804,Customer_0804,SME,Chennai,2020-08-07
805,Customer_0805,Corporate,Bangalore,2022-07-19
806,Customer_0806,SME,Chennai,2022-12-09
807,Customer_0807,Corporate,Delhi,2022-10-29
808,Customer_0808,Corporate,Bangalore,2021-01-29
809,Customer_0809,Retail,Bangalore,2020-11-28
810,Customer_0810,SME,Hyderabad,2021-06-10
811,Customer_0811,SME,Delhi,2020-01-29
812,Customer_0812,SME,Bangalore,2021-08-27
813,Customer_0813,SME,Pune,2021-01-30
814,Customer_0814,Retail,Chennai,2022-04-10
815,Customer_0815,Corporate,Chennai,2021-11-02
816,Customer_0816,Retail,Hyderabad,2020-07-14
817,Customer_0817,Retail,Delhi,2022-09-04
818,Customer_0818,Corporate,Delhi,2020-01-14
819,Customer_0819,Corporate,Hyderabad,2021-04-27
820,Customer_0820,Corporate,Bangalore,2021-11-06
821,Customer_0821,Corporate,Chennai,2020-01-24
822,Customer_0822,Corporate,Pune,2022-01-06
823,Customer_0823,SME,Delhi,2020-05-07
824,Customer_0824,SME,Mumbai,2022-08-11
825,Customer_0825,Corporate,Delhi,2022-04-10
826,Customer_0826,SME,Chennai,2021-09-28
827,Customer_0827,SME,Mumbai,2021-08-27
828,Customer_0828,Corporate,Chennai,2021-03-28
829,Customer_0829,Retail,Delhi,2022-09-06
830,Customer_0830,Retail,Hyderabad,2022-02-04
831,Customer_0831,Corporate,Pune,2022-08-22
832,Customer_0832,SME,Pune,2021-03-23
833,Customer_0833,Retail,Pune,2020-06-16
834,Customer_0834,SME,Hyderabad,2022-12-17
835,Customer_0835,SME,Bangalore,2020-06-08
836,Customer_0836,SME,Mumbai,2020-05-06
837,Customer_0837,SME,Chennai,2021-02-18
838,Customer_0838,SME,Chennai,2020-11-02
839,Customer_0839,Retail,Bangalore,2022-12-01
840,Customer_0840,Corporate,Mumbai,2021-02-24
841,Customer_0841,SME,Chennai,2022-09-28
842,Customer_0842,Retail,Chennai,2022-07-01
843,Customer_0843,Retail,Hyderabad,2020-09-27
844,Customer_0844,SME,Hyderabad,2022-07-24
845,Customer_0845,SME,Mumbai,2022-08-04
846,Customer_0846,SME,Bangalore,2020-02-14
847,Customer_0847,Corporate,Bangalore,2020-01-07
848,Customer_0848,SME,Delhi,2020-05-29
849,Customer_0849,Retail,Hyderabad,2021-12-06
850,Customer_0850,SME,Mumbai,2020-05-03
851,Customer_0851,Retail,Hyderabad,2020-03-05
852,Customer_0852,Corporate,Hyderabad,2021-01-03
853,Customer_0853,Retail,Pune,2022-05-10
854,Customer_0854,Corporate,Hyderabad,2022-07-07
855,Customer_0855,Corporate,Hyderabad,2020-06-13
856,Customer_0856,SME,Pune,2020-09-29
857,Customer_0857,SME,Bangalore,2020-08-30
858,Customer_0858,Retail,Chennai,2022-03-15
859,Customer_0859,SME,Delhi,2021-04-01
860,Customer_0860,Retail,Mumbai,2021-09-03
861,Customer_0861,Corporate,Pune,2022-05-18
862,Customer_0862,SME,Hyderabad,2021-04-15
863,Customer_0863,Retail,Hyderabad,2021-12-09
864,Customer_0864,Retail,Bangalore,2021-01-21
865,Customer_0865,SME,Mumbai,2020-03-06
866,Customer_0866,SME,Hyderabad,2020-02-02
867,Customer_0867,Retail,Delhi,2020-05-17
868,Customer_0868,Retail,Chennai,2020-03-09
869,Customer_0869,Corporate,Chennai,2020-04-09
870,Customer_0870,Retail,Pune,2020-03-31
871,Customer_0871,Corporate,Hyderabad,2021-04-24
872,Customer_0872,SME,Delhi,2020-04-25
873,Customer_0873,Retail,Chennai,2021-08-15
874,Customer_0874,Retail,Pune,2021-10-15
875,Customer_0875,SME,Chennai,2021-10-18
876,Customer_0876,Retail,Bangalore,2020-10-20
877,Customer_0877,SME,Chennai,2021-03-28
878,Customer_0878,Corporate,Bangalore,2021-07-17
879,Customer_0879,Retail,Chennai,2020-12-24
880,Customer_0880,SME,Pune,2022-05-24
881,Customer_0881,SME,Hyderabad,2020-04-06
882,Customer_0882,Corporate,Pune,2022-02-19
883,Customer_0883,SME,Bangalore,2022-05-02
884,Customer_0884,Corporate,Delhi,2021-09-06
885,Customer_0885,Corporate,Delhi,2022-08-27
886,Customer_0886,Retail,Delhi,2021-09-07
887,Customer_0887,SME,Delhi,2022-08-06
888,Customer_0888,Retail,Chennai,2022-04-25
889,Customer_0889,Corporate,Chennai,2022-12-21
890,Customer_0890,Retail,Hyderabad,2021-05-12
891,Customer_0891,Corporate,Delhi,2021-11-07
892,Customer_0892,SME,Mumbai,2022-07-10
893,Customer_0893,Corporate,Mumbai,2021-01-25
894,Customer_0894,Retail,Bangalore,2022-02-11
895,Customer_0895,SME,Chennai,2020-03-21
896,Customer_0896,Retail,Delhi,2021-03-20
897,Customer_0897,Corporate,Delhi,2021-11-12
898,Customer_0898,Corporate,Mumbai,2021-03-09
899,Customer_0899,Retail,Pune,2020-08-28
900,Customer_0900,SME,Hyderabad,2021-05-11
901,Customer_0901,SME,Chennai,2021-02-22
902,Customer_0902,Corporate,Delhi,2021-10-20
903,Customer_0903,Corporate,Hyderabad,2022-08-12
904,Customer_0904,SME,Pune,2022-01-05
905,Customer_0905,Corporate,Bangalore,2022-01-06
906,Customer_0906,SME,Hyderabad,2022-08-12
907,Customer_0907,Retail,Pune,2022-08-19
908,Customer_0908,Corporate,Delhi,2022-01-29
909,Customer_0909,Corporate,Hyderabad,2020-04-03
910,Customer_0910,SME,Delhi,2020-10-25
911,Customer_0911,Retail,Bangalore,2022-05-05
912,Customer_0912,Corporate,Delhi,2021-02-05
913,Customer_0913,Corporate,Delhi,2022-02-16
914,Customer_0914,SME,Delhi,2022-10-19
915,Customer_0915,SME,Pune,2021-11-22
916,Customer_0916,Corporate,Hyderabad,2022-10-01
917,Customer_0917,Corporate,Delhi,2021-12-22
918,Customer_0918,Retail,Delhi,2022-09-27
919,Customer_0919,Retail,Chennai,2020-04-30
920,Customer_0920,SME,Mumbai,2020-06-01
921,Customer_0921,SME,Mumbai,2020-01-14
922,Customer_0922,Corporate,Delhi,2021-04-18
923,Customer_0923,Retail,Pune,2020-11-05
924,Customer_0924,Retail,Delhi,2022-11-01
925,Customer_0925,Corporate,Bangalore,2020-05-03
926,Customer_0926,SME,Pune,2022-09-16
927,Customer_0927,SME,Hyderabad,2020-02-02
928,Customer_0928,Retail,Chennai,2022-04-22
929,Customer_0929,Retail,Mumbai,2022-12-20
930,Customer_0930,SME,Bangalore,2021-08-10
931,Customer_0931,Retail,Chennai,2022-05-31
932,Customer_0932,Retail,Mumbai,2020-07-16
933,Customer_0933,SME,Delhi,2021-05-08
934,Customer_0934,Retail,Chennai,2022-12-14
935,Customer_0935,Corporate,Bangalore,2021-07-01
936,Customer_0936,Corporate,Mumbai,2022-02-03
937,Customer_0937,Corporate,Hyderabad,2021-05-13
938,Customer_0938,SME,Delhi,2021-09-06
939,Customer_0939,SME,Mumbai,2020-03-05
940,Customer_0940,Retail,Hyderabad,2022-02-15
941,Customer_0941,Corporate,Chennai,2022-09-01
942,Customer_0942,Retail,Pune,2020-01-20
943,Customer_0943,SME,Delhi,2020-06-18
944,Customer_0944,Corporate,Hyderabad,2021-11-09
945,Customer_0945,SME,Mumbai,2022-12-17
946,Customer_0946,Retail,Delhi,2021-03-08
947,Customer_0947,SME,Chennai,2022-08-31
948,Customer_0948,Corporate,Mumbai,2020-06-01
949,Customer_0949,SME,Bangalore,2020-03-08
950,Customer_0950,Retail,Bangalore,2020-02-02
951,Customer_0951,Retail,Chennai,2020-10-22
952,Customer_0952,SME,Hyderabad,2020-06-06
953,Customer_0953,Corporate,Delhi,2021-05-07
954,Customer_0954,SME,Hyderabad,2021-11-10
955,Customer_0955,Corporate,Pune,2020-10-13
956,Customer_0956,SME,Pune,2020-06-09
957,Customer_0957,SME,Pune,2021-12-09
958,Customer_0958,Retail,Mumbai,2022-06-14
959,Customer_0959,Retail,Mumbai,2021-11-28
960,Customer_0960,SME,Chennai,2022-03-23
961,Customer_0961,Corporate,Mumbai,2021-07-13
962,Customer_0962,Corporate,Hyderabad,2021-04-12
963,Customer_0963,Corporate,Chennai,2022-02-07
964,Customer_0964,Corporate,Delhi,2022-02-17
965,Customer_0965,Retail,Chennai,2021-08-27
966,Customer_0966,Retail,Pune,2020-05-30
967,Customer_0967,Retail,Bangalore,2020-11-11
968,Customer_0968,Corporate,Pune,2020-11-11
969,Customer_0969,SME,Hyderabad,2021-10-10
970,Customer_0970,Corporate,Mumbai,2020-07-06
971,Customer_0971,Retail,Bangalore,2022-06-29
972,Customer_0972,Corporate,Bangalore,2020-07-28
973,Customer_0973,Retail,Mumbai,2021-01-18
974,Customer_0974,Corporate,Hyderabad,2022-11-15
975,Customer_0975,Corporate,Mumbai,2020-02-23
976,Customer_0976,Retail,Bangalore,2020-07-09
977,Customer_0977,SME,Chennai,2021-10-26
978,Customer_0978,Corporate,Mumbai,2021-08-20
979,Customer_0979,Corporate,Hyderabad,2020-06-22
980,Customer_0980,SME,Chennai,2021-05-12
981,Customer_0981,SME,Chennai,2020-12-13
982,Customer_0982,SME,Hyderabad,2020-12-13
983,Customer_0983,Retail,Bangalore,2021-09-08
984,Customer_0984,Corporate,Hyderabad,2020-10-25
985,Customer_0985,Retail,Delhi,2022-06-09
986,Customer_0986,Corporate,Hyderabad,2021-09-05
987,Customer_0987,Corporate,Mumbai,2022-01-09
988,Customer_0988,Corporate,Delhi,2022-10-12
989,Customer_0989,SME,Chennai,2021-02-04
990,Customer_0990,Corporate,Mumbai,2020-10-04
991,Customer_0991,Corporate,Mumbai,2022-03-21
992,Customer_0992,Corporate,Chennai,2022-02-17
993,Customer_0993,Corporate,Hyderabad,2021-11-16
994,Customer_0994,Corporate,Pune,2020-10-05
995,Customer_0995,Corporate,Bangalore,2021-02-15
996,Customer_0996,Corporate,Bangalore,2020-12-29
997,Customer_0997,Corporate,Bangalore,2021-08-19
998,Customer_0998,SME,Pune,2022-10-02
999,Customer_0999,SME,Delhi,2021-10-29
1000,Customer_1000,Corporate,Bangalore,2022-03-15
